Workbook

Sheet Start Here
A1: Recurring Client & Route Tracker — how to use The roster is the business. This workbook keeps every recurring client in one tab, builds your Monday-Saturday route board from it, and shows you which route days earn and which ones are a car payment disguised as a schedule. 1. Type only on the Clients tab (yellow columns). Every client gets a Zone and a Day — if you can't answer "what day and what part of town," you don't have a route, you have a pile of appointments. 2. Route Grid fills itself: booked hours per day on row 2, the client list for each day below. Red day = overbooked for a solo operator once you add drive time; green = healthy full day. 3. Day Summary answers one question: what is each route day worth per month, and per hour? A day with 5 clients at $58/booked-hour beats a day with 7 clients at $41/booked-hour. The fix for a weak day is almost never "add more stops" — it's re-zoning the scattered ones and re-pricing the old ones. Note: the "Day Slot" column on Clients is a helper the Route Grid reads — leave it alone. Yellow = input, green = formula output.

Sheet Clients
A1: Client Name | B1: Address | C1: Zone | D1: Frequency | E1: Rate per Visit ($) | F1: Day Assigned | G1: Est. Visit Hours | H1: Notes | I1: Monthly Revenue ($) | J1: Day Slot (helper — do not edit)
A2: Harmon, K. | B2: 412 Cedar Loop, Maple Grove | C2: North | D2: Biweekly | E2: 150 | F2: Tue | G2: 2.25 | H2: Dog (friendly), key under mat — replace with lockbox | I2: =IF(E2="","",E2*IF(D2="Weekly",4.33,IF(D2="Biweekly",2.17,1))) | J2: =IF(A2="","",F2&"-"&COUNTIF($F$2:F2,F2))
A3: Bishop Dental (office) | B3: 88 Commerce Way, Maple Grove | C3: Core | D3: Weekly | E3: 175 | F3: Thu | G3: 2.5 | H3: After 6pm only, alarm code in phone | I3: =IF(E3="","",E3*IF(D3="Weekly",4.33,IF(D3="Biweekly",2.17,1))) | J3: =IF(A3="","",F3&"-"&COUNTIF($F$2:F3,F3))
A4: Ortiz, R. | B4: 1509 Fairfield Dr, Lakewood | C4: South | D4: Monthly | E4: 220 | F4: Fri | G4: 3 | H4: Deep-ish monthly, garage entry 4482 | I4: =IF(E4="","",E4*IF(D4="Weekly",4.33,IF(D4="Biweekly",2.17,1))) | J4: =IF(A4="","",F4&"-"&COUNTIF($F$2:F4,F4))
I5: =IF(E5="","",E5*IF(D5="Weekly",4.33,IF(D5="Biweekly",2.17,1))) | J5: =IF(A5="","",F5&"-"&COUNTIF($F$2:F5,F5))
I6: =IF(E6="","",E6*IF(D6="Weekly",4.33,IF(D6="Biweekly",2.17,1))) | J6: =IF(A6="","",F6&"-"&COUNTIF($F$2:F6,F6))
I7: =IF(E7="","",E7*IF(D7="Weekly",4.33,IF(D7="Biweekly",2.17,1))) | J7: =IF(A7="","",F7&"-"&COUNTIF($F$2:F7,F7))
I8: =IF(E8="","",E8*IF(D8="Weekly",4.33,IF(D8="Biweekly",2.17,1))) | J8: =IF(A8="","",F8&"-"&COUNTIF($F$2:F8,F8))
I9: =IF(E9="","",E9*IF(D9="Weekly",4.33,IF(D9="Biweekly",2.17,1))) | J9: =IF(A9="","",F9&"-"&COUNTIF($F$2:F9,F9))
I10: =IF(E10="","",E10*IF(D10="Weekly",4.33,IF(D10="Biweekly",2.17,1))) | J10: =IF(A10="","",F10&"-"&COUNTIF($F$2:F10,F10))
I11: =IF(E11="","",E11*IF(D11="Weekly",4.33,IF(D11="Biweekly",2.17,1))) | J11: =IF(A11="","",F11&"-"&COUNTIF($F$2:F11,F11))
I12: =IF(E12="","",E12*IF(D12="Weekly",4.33,IF(D12="Biweekly",2.17,1))) | J12: =IF(A12="","",F12&"-"&COUNTIF($F$2:F12,F12))
I13: =IF(E13="","",E13*IF(D13="Weekly",4.33,IF(D13="Biweekly",2.17,1))) | J13: =IF(A13="","",F13&"-"&COUNTIF($F$2:F13,F13))
I14: =IF(E14="","",E14*IF(D14="Weekly",4.33,IF(D14="Biweekly",2.17,1))) | J14: =IF(A14="","",F14&"-"&COUNTIF($F$2:F14,F14))
I15: =IF(E15="","",E15*IF(D15="Weekly",4.33,IF(D15="Biweekly",2.17,1))) | J15: =IF(A15="","",F15&"-"&COUNTIF($F$2:F15,F15))
I16: =IF(E16="","",E16*IF(D16="Weekly",4.33,IF(D16="Biweekly",2.17,1))) | J16: =IF(A16="","",F16&"-"&COUNTIF($F$2:F16,F16))
... I200: =IF(E200="","",E200*IF(D200="Weekly",4.33,IF(D200="Biweekly",2.17,1))) | J200: =IF(A200="","",F200&"-"&COUNTIF($F$2:F200,F200))

Sheet Route Grid
A1: Mon | B1: Tue | C1: Wed | D1: Thu | E1: Fri | F1: Sat
A2: =SUMIFS(Clients!$G$2:$G$200,Clients!$F$2:$F$200,A$1) | B2: =SUMIFS(Clients!$G$2:$G$200,Clients!$F$2:$F$200,B$1) | C2: =SUMIFS(Clients!$G$2:$G$200,Clients!$F$2:$F$200,C$1) | D2: =SUMIFS(Clients!$G$2:$G$200,Clients!$F$2:$F$200,D$1) | E2: =SUMIFS(Clients!$G$2:$G$200,Clients!$F$2:$F$200,E$1) | F2: =SUMIFS(Clients!$G$2:$G$200,Clients!$F$2:$F$200,F$1)
A3: =IFERROR(INDEX(Clients!$A$2:$A$200,MATCH(A$1&"-"&(ROW()-2),Clients!$J$2:$J$200,0)),"") | B3: =IFERROR(INDEX(Clients!$A$2:$A$200,MATCH(B$1&"-"&(ROW()-2),Clients!$J$2:$J$200,0)),"") | C3: =IFERROR(INDEX(Clients!$A$2:$A$200,MATCH(C$1&"-"&(ROW()-2),Clients!$J$2:$J$200,0)),"") | D3: =IFERROR(INDEX(Clients!$A$2:$A$200,MATCH(D$1&"-"&(ROW()-2),Clients!$J$2:$J$200,0)),"") | E3: =IFERROR(INDEX(Clients!$A$2:$A$200,MATCH(E$1&"-"&(ROW()-2),Clients!$J$2:$J$200,0)),"") | F3: =IFERROR(INDEX(Clients!$A$2:$A$200,MATCH(F$1&"-"&(ROW()-2),Clients!$J$2:$J$200,0)),"")
A4: =IFERROR(INDEX(Clients!$A$2:$A$200,MATCH(A$1&"-"&(ROW()-2),Clients!$J$2:$J$200,0)),"") | B4: =IFERROR(INDEX(Clients!$A$2:$A$200,MATCH(B$1&"-"&(ROW()-2),Clients!$J$2:$J$200,0)),"") | C4: =IFERROR(INDEX(Clients!$A$2:$A$200,MATCH(C$1&"-"&(ROW()-2),Clients!$J$2:$J$200,0)),"") | D4: =IFERROR(INDEX(Clients!$A$2:$A$200,MATCH(D$1&"-"&(ROW()-2),Clients!$J$2:$J$200,0)),"") | E4: =IFERROR(INDEX(Clients!$A$2:$A$200,MATCH(E$1&"-"&(ROW()-2),Clients!$J$2:$J$200,0)),"") | F4: =IFERROR(INDEX(Clients!$A$2:$A$200,MATCH(F$1&"-"&(ROW()-2),Clients!$J$2:$J$200,0)),"")
A5: =IFERROR(INDEX(Clients!$A$2:$A$200,MATCH(A$1&"-"&(ROW()-2),Clients!$J$2:$J$200,0)),"") | B5: =IFERROR(INDEX(Clients!$A$2:$A$200,MATCH(B$1&"-"&(ROW()-2),Clients!$J$2:$J$200,0)),"") | C5: =IFERROR(INDEX(Clients!$A$2:$A$200,MATCH(C$1&"-"&(ROW()-2),Clients!$J$2:$J$200,0)),"") | D5: =IFERROR(INDEX(Clients!$A$2:$A$200,MATCH(D$1&"-"&(ROW()-2),Clients!$J$2:$J$200,0)),"") | E5: =IFERROR(INDEX(Clients!$A$2:$A$200,MATCH(E$1&"-"&(ROW()-2),Clients!$J$2:$J$200,0)),"") | F5: =IFERROR(INDEX(Clients!$A$2:$A$200,MATCH(F$1&"-"&(ROW()-2),Clients!$J$2:$J$200,0)),"")
A6: =IFERROR(INDEX(Clients!$A$2:$A$200,MATCH(A$1&"-"&(ROW()-2),Clients!$J$2:$J$200,0)),"") | B6: =IFERROR(INDEX(Clients!$A$2:$A$200,MATCH(B$1&"-"&(ROW()-2),Clients!$J$2:$J$200,0)),"") | C6: =IFERROR(INDEX(Clients!$A$2:$A$200,MATCH(C$1&"-"&(ROW()-2),Clients!$J$2:$J$200,0)),"") | D6: =IFERROR(INDEX(Clients!$A$2:$A$200,MATCH(D$1&"-"&(ROW()-2),Clients!$J$2:$J$200,0)),"") | E6: =IFERROR(INDEX(Clients!$A$2:$A$200,MATCH(E$1&"-"&(ROW()-2),Clients!$J$2:$J$200,0)),"") | F6: =IFERROR(INDEX(Clients!$A$2:$A$200,MATCH(F$1&"-"&(ROW()-2),Clients!$J$2:$J$200,0)),"")
A7: =IFERROR(INDEX(Clients!$A$2:$A$200,MATCH(A$1&"-"&(ROW()-2),Clients!$J$2:$J$200,0)),"") | B7: =IFERROR(INDEX(Clients!$A$2:$A$200,MATCH(B$1&"-"&(ROW()-2),Clients!$J$2:$J$200,0)),"") | C7: =IFERROR(INDEX(Clients!$A$2:$A$200,MATCH(C$1&"-"&(ROW()-2),Clients!$J$2:$J$200,0)),"") | D7: =IFERROR(INDEX(Clients!$A$2:$A$200,MATCH(D$1&"-"&(ROW()-2),Clients!$J$2:$J$200,0)),"") | E7: =IFERROR(INDEX(Clients!$A$2:$A$200,MATCH(E$1&"-"&(ROW()-2),Clients!$J$2:$J$200,0)),"") | F7: =IFERROR(INDEX(Clients!$A$2:$A$200,MATCH(F$1&"-"&(ROW()-2),Clients!$J$2:$J$200,0)),"")
A8: =IFERROR(INDEX(Clients!$A$2:$A$200,MATCH(A$1&"-"&(ROW()-2),Clients!$J$2:$J$200,0)),"") | B8: =IFERROR(INDEX(Clients!$A$2:$A$200,MATCH(B$1&"-"&(ROW()-2),Clients!$J$2:$J$200,0)),"") | C8: =IFERROR(INDEX(Clients!$A$2:$A$200,MATCH(C$1&"-"&(ROW()-2),Clients!$J$2:$J$200,0)),"") | D8: =IFERROR(INDEX(Clients!$A$2:$A$200,MATCH(D$1&"-"&(ROW()-2),Clients!$J$2:$J$200,0)),"") | E8: =IFERROR(INDEX(Clients!$A$2:$A$200,MATCH(E$1&"-"&(ROW()-2),Clients!$J$2:$J$200,0)),"") | F8: =IFERROR(INDEX(Clients!$A$2:$A$200,MATCH(F$1&"-"&(ROW()-2),Clients!$J$2:$J$200,0)),"")
A9: =IFERROR(INDEX(Clients!$A$2:$A$200,MATCH(A$1&"-"&(ROW()-2),Clients!$J$2:$J$200,0)),"") | B9: =IFERROR(INDEX(Clients!$A$2:$A$200,MATCH(B$1&"-"&(ROW()-2),Clients!$J$2:$J$200,0)),"") | C9: =IFERROR(INDEX(Clients!$A$2:$A$200,MATCH(C$1&"-"&(ROW()-2),Clients!$J$2:$J$200,0)),"") | D9: =IFERROR(INDEX(Clients!$A$2:$A$200,MATCH(D$1&"-"&(ROW()-2),Clients!$J$2:$J$200,0)),"") | E9: =IFERROR(INDEX(Clients!$A$2:$A$200,MATCH(E$1&"-"&(ROW()-2),Clients!$J$2:$J$200,0)),"") | F9: =IFERROR(INDEX(Clients!$A$2:$A$200,MATCH(F$1&"-"&(ROW()-2),Clients!$J$2:$J$200,0)),"")
A10: =IFERROR(INDEX(Clients!$A$2:$A$200,MATCH(A$1&"-"&(ROW()-2),Clients!$J$2:$J$200,0)),"") | B10: =IFERROR(INDEX(Clients!$A$2:$A$200,MATCH(B$1&"-"&(ROW()-2),Clients!$J$2:$J$200,0)),"") | C10: =IFERROR(INDEX(Clients!$A$2:$A$200,MATCH(C$1&"-"&(ROW()-2),Clients!$J$2:$J$200,0)),"") | D10: =IFERROR(INDEX(Clients!$A$2:$A$200,MATCH(D$1&"-"&(ROW()-2),Clients!$J$2:$J$200,0)),"") | E10: =IFERROR(INDEX(Clients!$A$2:$A$200,MATCH(E$1&"-"&(ROW()-2),Clients!$J$2:$J$200,0)),"") | F10: =IFERROR(INDEX(Clients!$A$2:$A$200,MATCH(F$1&"-"&(ROW()-2),Clients!$J$2:$J$200,0)),"")
A11: =IFERROR(INDEX(Clients!$A$2:$A$200,MATCH(A$1&"-"&(ROW()-2),Clients!$J$2:$J$200,0)),"") | B11: =IFERROR(INDEX(Clients!$A$2:$A$200,MATCH(B$1&"-"&(ROW()-2),Clients!$J$2:$J$200,0)),"") | C11: =IFERROR(INDEX(Clients!$A$2:$A$200,MATCH(C$1&"-"&(ROW()-2),Clients!$J$2:$J$200,0)),"") | D11: =IFERROR(INDEX(Clients!$A$2:$A$200,MATCH(D$1&"-"&(ROW()-2),Clients!$J$2:$J$200,0)),"") | E11: =IFERROR(INDEX(Clients!$A$2:$A$200,MATCH(E$1&"-"&(ROW()-2),Clients!$J$2:$J$200,0)),"") | F11: =IFERROR(INDEX(Clients!$A$2:$A$200,MATCH(F$1&"-"&(ROW()-2),Clients!$J$2:$J$200,0)),"")
A12: =IFERROR(INDEX(Clients!$A$2:$A$200,MATCH(A$1&"-"&(ROW()-2),Clients!$J$2:$J$200,0)),"") | B12: =IFERROR(INDEX(Clients!$A$2:$A$200,MATCH(B$1&"-"&(ROW()-2),Clients!$J$2:$J$200,0)),"") | C12: =IFERROR(INDEX(Clients!$A$2:$A$200,MATCH(C$1&"-"&(ROW()-2),Clients!$J$2:$J$200,0)),"") | D12: =IFERROR(INDEX(Clients!$A$2:$A$200,MATCH(D$1&"-"&(ROW()-2),Clients!$J$2:$J$200,0)),"") | E12: =IFERROR(INDEX(Clients!$A$2:$A$200,MATCH(E$1&"-"&(ROW()-2),Clients!$J$2:$J$200,0)),"") | F12: =IFERROR(INDEX(Clients!$A$2:$A$200,MATCH(F$1&"-"&(ROW()-2),Clients!$J$2:$J$200,0)),"")
A13: =IFERROR(INDEX(Clients!$A$2:$A$200,MATCH(A$1&"-"&(ROW()-2),Clients!$J$2:$J$200,0)),"") | B13: =IFERROR(INDEX(Clients!$A$2:$A$200,MATCH(B$1&"-"&(ROW()-2),Clients!$J$2:$J$200,0)),"") | C13: =IFERROR(INDEX(Clients!$A$2:$A$200,MATCH(C$1&"-"&(ROW()-2),Clients!$J$2:$J$200,0)),"") | D13: =IFERROR(INDEX(Clients!$A$2:$A$200,MATCH(D$1&"-"&(ROW()-2),Clients!$J$2:$J$200,0)),"") | E13: =IFERROR(INDEX(Clients!$A$2:$A$200,MATCH(E$1&"-"&(ROW()-2),Clients!$J$2:$J$200,0)),"") | F13: =IFERROR(INDEX(Clients!$A$2:$A$200,MATCH(F$1&"-"&(ROW()-2),Clients!$J$2:$J$200,0)),"")
A14: =IFERROR(INDEX(Clients!$A$2:$A$200,MATCH(A$1&"-"&(ROW()-2),Clients!$J$2:$J$200,0)),"") | B14: =IFERROR(INDEX(Clients!$A$2:$A$200,MATCH(B$1&"-"&(ROW()-2),Clients!$J$2:$J$200,0)),"") | C14: =IFERROR(INDEX(Clients!$A$2:$A$200,MATCH(C$1&"-"&(ROW()-2),Clients!$J$2:$J$200,0)),"") | D14: =IFERROR(INDEX(Clients!$A$2:$A$200,MATCH(D$1&"-"&(ROW()-2),Clients!$J$2:$J$200,0)),"") | E14: =IFERROR(INDEX(Clients!$A$2:$A$200,MATCH(E$1&"-"&(ROW()-2),Clients!$J$2:$J$200,0)),"") | F14: =IFERROR(INDEX(Clients!$A$2:$A$200,MATCH(F$1&"-"&(ROW()-2),Clients!$J$2:$J$200,0)),"")
... A22: =IFERROR(INDEX(Clients!$A$2:$A$200,MATCH(A$1&"-"&(ROW()-2),Clients!$J$2:$J$200,0)),"") | B22: =IFERROR(INDEX(Clients!$A$2:$A$200,MATCH(B$1&"-"&(ROW()-2),Clients!$J$2:$J$200,0)),"") | C22: =IFERROR(INDEX(Clients!$A$2:$A$200,MATCH(C$1&"-"&(ROW()-2),Clients!$J$2:$J$200,0)),"") | D22: =IFERROR(INDEX(Clients!$A$2:$A$200,MATCH(D$1&"-"&(ROW()-2),Clients!$J$2:$J$200,0)),"") | E22: =IFERROR(INDEX(Clients!$A$2:$A$200,MATCH(E$1&"-"&(ROW()-2),Clients!$J$2:$J$200,0)),"") | F22: =IFERROR(INDEX(Clients!$A$2:$A$200,MATCH(F$1&"-"&(ROW()-2),Clients!$J$2:$J$200,0)),"")

Sheet Day Summary
A1: Day | B1: Clients on Day | C1: Booked Hours | D1: Monthly Revenue ($) | E1: Revenue per Booked Hour | F1: Note
A2: Mon | B2: =COUNTIF(Clients!$F$2:$F$200,A2) | C2: =SUMIFS(Clients!$G$2:$G$200,Clients!$F$2:$F$200,A2) | D2: =SUMIFS(Clients!$I$2:$I$200,Clients!$F$2:$F$200,A2) | E2: =IF(C2=0,"",ROUND((D2/4.33)/C2,2)) | F2: =IF(C2=0,"open day",IF(E2<50,"weak day — tighten zone or raise rates",""))
A3: Tue | B3: =COUNTIF(Clients!$F$2:$F$200,A3) | C3: =SUMIFS(Clients!$G$2:$G$200,Clients!$F$2:$F$200,A3) | D3: =SUMIFS(Clients!$I$2:$I$200,Clients!$F$2:$F$200,A3) | E3: =IF(C3=0,"",ROUND((D3/4.33)/C3,2)) | F3: =IF(C3=0,"open day",IF(E3<50,"weak day — tighten zone or raise rates",""))
A4: Wed | B4: =COUNTIF(Clients!$F$2:$F$200,A4) | C4: =SUMIFS(Clients!$G$2:$G$200,Clients!$F$2:$F$200,A4) | D4: =SUMIFS(Clients!$I$2:$I$200,Clients!$F$2:$F$200,A4) | E4: =IF(C4=0,"",ROUND((D4/4.33)/C4,2)) | F4: =IF(C4=0,"open day",IF(E4<50,"weak day — tighten zone or raise rates",""))
A5: Thu | B5: =COUNTIF(Clients!$F$2:$F$200,A5) | C5: =SUMIFS(Clients!$G$2:$G$200,Clients!$F$2:$F$200,A5) | D5: =SUMIFS(Clients!$I$2:$I$200,Clients!$F$2:$F$200,A5) | E5: =IF(C5=0,"",ROUND((D5/4.33)/C5,2)) | F5: =IF(C5=0,"open day",IF(E5<50,"weak day — tighten zone or raise rates",""))
A6: Fri | B6: =COUNTIF(Clients!$F$2:$F$200,A6) | C6: =SUMIFS(Clients!$G$2:$G$200,Clients!$F$2:$F$200,A6) | D6: =SUMIFS(Clients!$I$2:$I$200,Clients!$F$2:$F$200,A6) | E6: =IF(C6=0,"",ROUND((D6/4.33)/C6,2)) | F6: =IF(C6=0,"open day",IF(E6<50,"weak day — tighten zone or raise rates",""))
A7: Sat | B7: =COUNTIF(Clients!$F$2:$F$200,A7) | C7: =SUMIFS(Clients!$G$2:$G$200,Clients!$F$2:$F$200,A7) | D7: =SUMIFS(Clients!$I$2:$I$200,Clients!$F$2:$F$200,A7) | E7: =IF(C7=0,"",ROUND((D7/4.33)/C7,2)) | F7: =IF(C7=0,"open day",IF(E7<50,"weak day — tighten zone or raise rates",""))
A8: TOTAL (recurring monthly base) | D8: =SUM(D2:D7)
A10: Tip: adjust the 50 in the Note column to about 80% of your target hourly from the pricing calculator.
