Workbook

Sheet Start Here
A1: Job Costing Sheet — how to use Most operators know their quoted rate. Almost none know their TRUE HOURLY — what a job pays after you count the drive there, the drive to the next stop, and the supplies it burned. This sheet computes it per job and then ranks your clients by it, so you know exactly who to keep, who to re-price, and who to hand to a competitor you don't like. 1. Job Log: one row per completed job, yellow columns only. Log it the same day — drive minutes evaporate from memory by morning. Use the exact same client spelling every time; the ranking tab groups on that text. 2. Client Ranking builds itself from the log. Use the Rank column (1 = best true hourly) or the filter arrows to sort. Color bands: green above $55/hr, yellow $40-55 (survivable, not where you want to live), red under $40. Tune those bands to your market. 3. Review monthly, act quarterly. Bottom client gets one of three moves: re-zone (move them to a day when you're already nearby), re-price (a $20 bump fixes most of these), or release. That slot is inventory, and inventory should earn. Drive time is the silent rate cut. Yellow = input, green = formula output. The "Client #" column on Job Log is a helper the ranking tab reads — leave it alone.

Sheet Job Log
A1: Date | B1: Client | C1: Revenue ($) | D1: On-Site Minutes | E1: Drive Minutes | F1: Supplies Cost ($) | G1: Total Minutes | H1: Total Hours | I1: Net Revenue ($) | J1: True Hourly ($/hr) | K1: Client # (helper — do not edit)
A2: 46210 | B2: Harmon, K. | C2: 150 | D2: 130 | E2: 15 | F2: 5 | G2: =IF(B2="","",D2+E2) | H2: =IF(B2="","",ROUND(G2/60,2)) | I2: =IF(B2="","",C2-F2) | J2: =IF(OR(B2="",G2=0),"",ROUND(I2/H2,2)) | K2: =IF(B2="","",IF(COUNTIF($B$2:B2,B2)=1,MAX($K$1:K1)+1,""))
A3: 46210 | B3: Ortiz, R. | C3: 220 | D3: 175 | E3: 40 | F3: 8 | G3: =IF(B3="","",D3+E3) | H3: =IF(B3="","",ROUND(G3/60,2)) | I3: =IF(B3="","",C3-F3) | J3: =IF(OR(B3="",G3=0),"",ROUND(I3/H3,2)) | K3: =IF(B3="","",IF(COUNTIF($B$2:B3,B3)=1,MAX($K$1:K2)+1,""))
A4: 46212 | B4: Trask, M. | C4: 130 | D4: 95 | E4: 55 | F4: 5 | G4: =IF(B4="","",D4+E4) | H4: =IF(B4="","",ROUND(G4/60,2)) | I4: =IF(B4="","",C4-F4) | J4: =IF(OR(B4="",G4=0),"",ROUND(I4/H4,2)) | K4: =IF(B4="","",IF(COUNTIF($B$2:B4,B4)=1,MAX($K$1:K3)+1,""))
A5: 46213 | B5: Bishop Dental | C5: 175 | D5: 140 | E5: 10 | F5: 6 | G5: =IF(B5="","",D5+E5) | H5: =IF(B5="","",ROUND(G5/60,2)) | I5: =IF(B5="","",C5-F5) | J5: =IF(OR(B5="",G5=0),"",ROUND(I5/H5,2)) | K5: =IF(B5="","",IF(COUNTIF($B$2:B5,B5)=1,MAX($K$1:K4)+1,""))
G6: =IF(B6="","",D6+E6) | H6: =IF(B6="","",ROUND(G6/60,2)) | I6: =IF(B6="","",C6-F6) | J6: =IF(OR(B6="",G6=0),"",ROUND(I6/H6,2)) | K6: =IF(B6="","",IF(COUNTIF($B$2:B6,B6)=1,MAX($K$1:K5)+1,""))
G7: =IF(B7="","",D7+E7) | H7: =IF(B7="","",ROUND(G7/60,2)) | I7: =IF(B7="","",C7-F7) | J7: =IF(OR(B7="",G7=0),"",ROUND(I7/H7,2)) | K7: =IF(B7="","",IF(COUNTIF($B$2:B7,B7)=1,MAX($K$1:K6)+1,""))
G8: =IF(B8="","",D8+E8) | H8: =IF(B8="","",ROUND(G8/60,2)) | I8: =IF(B8="","",C8-F8) | J8: =IF(OR(B8="",G8=0),"",ROUND(I8/H8,2)) | K8: =IF(B8="","",IF(COUNTIF($B$2:B8,B8)=1,MAX($K$1:K7)+1,""))
G9: =IF(B9="","",D9+E9) | H9: =IF(B9="","",ROUND(G9/60,2)) | I9: =IF(B9="","",C9-F9) | J9: =IF(OR(B9="",G9=0),"",ROUND(I9/H9,2)) | K9: =IF(B9="","",IF(COUNTIF($B$2:B9,B9)=1,MAX($K$1:K8)+1,""))
G10: =IF(B10="","",D10+E10) | H10: =IF(B10="","",ROUND(G10/60,2)) | I10: =IF(B10="","",C10-F10) | J10: =IF(OR(B10="",G10=0),"",ROUND(I10/H10,2)) | K10: =IF(B10="","",IF(COUNTIF($B$2:B10,B10)=1,MAX($K$1:K9)+1,""))
G11: =IF(B11="","",D11+E11) | H11: =IF(B11="","",ROUND(G11/60,2)) | I11: =IF(B11="","",C11-F11) | J11: =IF(OR(B11="",G11=0),"",ROUND(I11/H11,2)) | K11: =IF(B11="","",IF(COUNTIF($B$2:B11,B11)=1,MAX($K$1:K10)+1,""))
G12: =IF(B12="","",D12+E12) | H12: =IF(B12="","",ROUND(G12/60,2)) | I12: =IF(B12="","",C12-F12) | J12: =IF(OR(B12="",G12=0),"",ROUND(I12/H12,2)) | K12: =IF(B12="","",IF(COUNTIF($B$2:B12,B12)=1,MAX($K$1:K11)+1,""))
G13: =IF(B13="","",D13+E13) | H13: =IF(B13="","",ROUND(G13/60,2)) | I13: =IF(B13="","",C13-F13) | J13: =IF(OR(B13="",G13=0),"",ROUND(I13/H13,2)) | K13: =IF(B13="","",IF(COUNTIF($B$2:B13,B13)=1,MAX($K$1:K12)+1,""))
G14: =IF(B14="","",D14+E14) | H14: =IF(B14="","",ROUND(G14/60,2)) | I14: =IF(B14="","",C14-F14) | J14: =IF(OR(B14="",G14=0),"",ROUND(I14/H14,2)) | K14: =IF(B14="","",IF(COUNTIF($B$2:B14,B14)=1,MAX($K$1:K13)+1,""))
G15: =IF(B15="","",D15+E15) | H15: =IF(B15="","",ROUND(G15/60,2)) | I15: =IF(B15="","",C15-F15) | J15: =IF(OR(B15="",G15=0),"",ROUND(I15/H15,2)) | K15: =IF(B15="","",IF(COUNTIF($B$2:B15,B15)=1,MAX($K$1:K14)+1,""))
G16: =IF(B16="","",D16+E16) | H16: =IF(B16="","",ROUND(G16/60,2)) | I16: =IF(B16="","",C16-F16) | J16: =IF(OR(B16="",G16=0),"",ROUND(I16/H16,2)) | K16: =IF(B16="","",IF(COUNTIF($B$2:B16,B16)=1,MAX($K$1:K15)+1,""))
G17: =IF(B17="","",D17+E17) | H17: =IF(B17="","",ROUND(G17/60,2)) | I17: =IF(B17="","",C17-F17) | J17: =IF(OR(B17="",G17=0),"",ROUND(I17/H17,2)) | K17: =IF(B17="","",IF(COUNTIF($B$2:B17,B17)=1,MAX($K$1:K16)+1,""))
... G1000: =IF(B1000="","",D1000+E1000) | H1000: =IF(B1000="","",ROUND(G1000/60,2)) | I1000: =IF(B1000="","",C1000-F1000) | J1000: =IF(OR(B1000="",G1000=0),"",ROUND(I1000/H1000,2)) | K1000: =IF(B1000="","",IF(COUNTIF($B$2:B1000,B1000)=1,MAX($K$1:K999)+1,""))

Sheet Client Ranking
A1: Client | B1: Jobs | C1: Revenue ($) | D1: Supplies ($) | E1: Total Min | F1: Net Rev ($) | G1: Total Hours | H1: True Hourly ($/hr) | I1: Verdict | J1: Rank (1 = best)
A2: =IFERROR(INDEX('Job Log'!$B$2:$B$1000,MATCH(ROW()-1,'Job Log'!$K$2:$K$1000,0)),"") | B2: =IF($A2="","",COUNTIF('Job Log'!$B$2:$B$1000,$A2)) | C2: =IF($A2="","",SUMIF('Job Log'!$B$2:$B$1000,$A2,'Job Log'!$C$2:$C$1000)) | D2: =IF($A2="","",SUMIF('Job Log'!$B$2:$B$1000,$A2,'Job Log'!$F$2:$F$1000)) | E2: =IF($A2="","",SUMIF('Job Log'!$B$2:$B$1000,$A2,'Job Log'!$G$2:$G$1000)) | F2: =IF($A2="","",SUMIF('Job Log'!$B$2:$B$1000,$A2,'Job Log'!$I$2:$I$1000)) | G2: =IF($A2="","",ROUND(E2/60,2)) | H2: =IF(OR($A2="",E2=0),"",ROUND(F2/G2,2)) | I2: =IF(H2="","",IF(H2>=55,"KEEP — protect this slot",IF(H2>=40,"RE-PRICE at next renewal","RE-PRICE OR RELEASE"))) | J2: =IF(H2="","",RANK(H2,$H$2:$H$51))
A3: =IFERROR(INDEX('Job Log'!$B$2:$B$1000,MATCH(ROW()-1,'Job Log'!$K$2:$K$1000,0)),"") | B3: =IF($A3="","",COUNTIF('Job Log'!$B$2:$B$1000,$A3)) | C3: =IF($A3="","",SUMIF('Job Log'!$B$2:$B$1000,$A3,'Job Log'!$C$2:$C$1000)) | D3: =IF($A3="","",SUMIF('Job Log'!$B$2:$B$1000,$A3,'Job Log'!$F$2:$F$1000)) | E3: =IF($A3="","",SUMIF('Job Log'!$B$2:$B$1000,$A3,'Job Log'!$G$2:$G$1000)) | F3: =IF($A3="","",SUMIF('Job Log'!$B$2:$B$1000,$A3,'Job Log'!$I$2:$I$1000)) | G3: =IF($A3="","",ROUND(E3/60,2)) | H3: =IF(OR($A3="",E3=0),"",ROUND(F3/G3,2)) | I3: =IF(H3="","",IF(H3>=55,"KEEP — protect this slot",IF(H3>=40,"RE-PRICE at next renewal","RE-PRICE OR RELEASE"))) | J3: =IF(H3="","",RANK(H3,$H$2:$H$51))
A4: =IFERROR(INDEX('Job Log'!$B$2:$B$1000,MATCH(ROW()-1,'Job Log'!$K$2:$K$1000,0)),"") | B4: =IF($A4="","",COUNTIF('Job Log'!$B$2:$B$1000,$A4)) | C4: =IF($A4="","",SUMIF('Job Log'!$B$2:$B$1000,$A4,'Job Log'!$C$2:$C$1000)) | D4: =IF($A4="","",SUMIF('Job Log'!$B$2:$B$1000,$A4,'Job Log'!$F$2:$F$1000)) | E4: =IF($A4="","",SUMIF('Job Log'!$B$2:$B$1000,$A4,'Job Log'!$G$2:$G$1000)) | F4: =IF($A4="","",SUMIF('Job Log'!$B$2:$B$1000,$A4,'Job Log'!$I$2:$I$1000)) | G4: =IF($A4="","",ROUND(E4/60,2)) | H4: =IF(OR($A4="",E4=0),"",ROUND(F4/G4,2)) | I4: =IF(H4="","",IF(H4>=55,"KEEP — protect this slot",IF(H4>=40,"RE-PRICE at next renewal","RE-PRICE OR RELEASE"))) | J4: =IF(H4="","",RANK(H4,$H$2:$H$51))
A5: =IFERROR(INDEX('Job Log'!$B$2:$B$1000,MATCH(ROW()-1,'Job Log'!$K$2:$K$1000,0)),"") | B5: =IF($A5="","",COUNTIF('Job Log'!$B$2:$B$1000,$A5)) | C5: =IF($A5="","",SUMIF('Job Log'!$B$2:$B$1000,$A5,'Job Log'!$C$2:$C$1000)) | D5: =IF($A5="","",SUMIF('Job Log'!$B$2:$B$1000,$A5,'Job Log'!$F$2:$F$1000)) | E5: =IF($A5="","",SUMIF('Job Log'!$B$2:$B$1000,$A5,'Job Log'!$G$2:$G$1000)) | F5: =IF($A5="","",SUMIF('Job Log'!$B$2:$B$1000,$A5,'Job Log'!$I$2:$I$1000)) | G5: =IF($A5="","",ROUND(E5/60,2)) | H5: =IF(OR($A5="",E5=0),"",ROUND(F5/G5,2)) | I5: =IF(H5="","",IF(H5>=55,"KEEP — protect this slot",IF(H5>=40,"RE-PRICE at next renewal","RE-PRICE OR RELEASE"))) | J5: =IF(H5="","",RANK(H5,$H$2:$H$51))
A6: =IFERROR(INDEX('Job Log'!$B$2:$B$1000,MATCH(ROW()-1,'Job Log'!$K$2:$K$1000,0)),"") | B6: =IF($A6="","",COUNTIF('Job Log'!$B$2:$B$1000,$A6)) | C6: =IF($A6="","",SUMIF('Job Log'!$B$2:$B$1000,$A6,'Job Log'!$C$2:$C$1000)) | D6: =IF($A6="","",SUMIF('Job Log'!$B$2:$B$1000,$A6,'Job Log'!$F$2:$F$1000)) | E6: =IF($A6="","",SUMIF('Job Log'!$B$2:$B$1000,$A6,'Job Log'!$G$2:$G$1000)) | F6: =IF($A6="","",SUMIF('Job Log'!$B$2:$B$1000,$A6,'Job Log'!$I$2:$I$1000)) | G6: =IF($A6="","",ROUND(E6/60,2)) | H6: =IF(OR($A6="",E6=0),"",ROUND(F6/G6,2)) | I6: =IF(H6="","",IF(H6>=55,"KEEP — protect this slot",IF(H6>=40,"RE-PRICE at next renewal","RE-PRICE OR RELEASE"))) | J6: =IF(H6="","",RANK(H6,$H$2:$H$51))
A7: =IFERROR(INDEX('Job Log'!$B$2:$B$1000,MATCH(ROW()-1,'Job Log'!$K$2:$K$1000,0)),"") | B7: =IF($A7="","",COUNTIF('Job Log'!$B$2:$B$1000,$A7)) | C7: =IF($A7="","",SUMIF('Job Log'!$B$2:$B$1000,$A7,'Job Log'!$C$2:$C$1000)) | D7: =IF($A7="","",SUMIF('Job Log'!$B$2:$B$1000,$A7,'Job Log'!$F$2:$F$1000)) | E7: =IF($A7="","",SUMIF('Job Log'!$B$2:$B$1000,$A7,'Job Log'!$G$2:$G$1000)) | F7: =IF($A7="","",SUMIF('Job Log'!$B$2:$B$1000,$A7,'Job Log'!$I$2:$I$1000)) | G7: =IF($A7="","",ROUND(E7/60,2)) | H7: =IF(OR($A7="",E7=0),"",ROUND(F7/G7,2)) | I7: =IF(H7="","",IF(H7>=55,"KEEP — protect this slot",IF(H7>=40,"RE-PRICE at next renewal","RE-PRICE OR RELEASE"))) | J7: =IF(H7="","",RANK(H7,$H$2:$H$51))
A8: =IFERROR(INDEX('Job Log'!$B$2:$B$1000,MATCH(ROW()-1,'Job Log'!$K$2:$K$1000,0)),"") | B8: =IF($A8="","",COUNTIF('Job Log'!$B$2:$B$1000,$A8)) | C8: =IF($A8="","",SUMIF('Job Log'!$B$2:$B$1000,$A8,'Job Log'!$C$2:$C$1000)) | D8: =IF($A8="","",SUMIF('Job Log'!$B$2:$B$1000,$A8,'Job Log'!$F$2:$F$1000)) | E8: =IF($A8="","",SUMIF('Job Log'!$B$2:$B$1000,$A8,'Job Log'!$G$2:$G$1000)) | F8: =IF($A8="","",SUMIF('Job Log'!$B$2:$B$1000,$A8,'Job Log'!$I$2:$I$1000)) | G8: =IF($A8="","",ROUND(E8/60,2)) | H8: =IF(OR($A8="",E8=0),"",ROUND(F8/G8,2)) | I8: =IF(H8="","",IF(H8>=55,"KEEP — protect this slot",IF(H8>=40,"RE-PRICE at next renewal","RE-PRICE OR RELEASE"))) | J8: =IF(H8="","",RANK(H8,$H$2:$H$51))
A9: =IFERROR(INDEX('Job Log'!$B$2:$B$1000,MATCH(ROW()-1,'Job Log'!$K$2:$K$1000,0)),"") | B9: =IF($A9="","",COUNTIF('Job Log'!$B$2:$B$1000,$A9)) | C9: =IF($A9="","",SUMIF('Job Log'!$B$2:$B$1000,$A9,'Job Log'!$C$2:$C$1000)) | D9: =IF($A9="","",SUMIF('Job Log'!$B$2:$B$1000,$A9,'Job Log'!$F$2:$F$1000)) | E9: =IF($A9="","",SUMIF('Job Log'!$B$2:$B$1000,$A9,'Job Log'!$G$2:$G$1000)) | F9: =IF($A9="","",SUMIF('Job Log'!$B$2:$B$1000,$A9,'Job Log'!$I$2:$I$1000)) | G9: =IF($A9="","",ROUND(E9/60,2)) | H9: =IF(OR($A9="",E9=0),"",ROUND(F9/G9,2)) | I9: =IF(H9="","",IF(H9>=55,"KEEP — protect this slot",IF(H9>=40,"RE-PRICE at next renewal","RE-PRICE OR RELEASE"))) | J9: =IF(H9="","",RANK(H9,$H$2:$H$51))
A10: =IFERROR(INDEX('Job Log'!$B$2:$B$1000,MATCH(ROW()-1,'Job Log'!$K$2:$K$1000,0)),"") | B10: =IF($A10="","",COUNTIF('Job Log'!$B$2:$B$1000,$A10)) | C10: =IF($A10="","",SUMIF('Job Log'!$B$2:$B$1000,$A10,'Job Log'!$C$2:$C$1000)) | D10: =IF($A10="","",SUMIF('Job Log'!$B$2:$B$1000,$A10,'Job Log'!$F$2:$F$1000)) | E10: =IF($A10="","",SUMIF('Job Log'!$B$2:$B$1000,$A10,'Job Log'!$G$2:$G$1000)) | F10: =IF($A10="","",SUMIF('Job Log'!$B$2:$B$1000,$A10,'Job Log'!$I$2:$I$1000)) | G10: =IF($A10="","",ROUND(E10/60,2)) | H10: =IF(OR($A10="",E10=0),"",ROUND(F10/G10,2)) | I10: =IF(H10="","",IF(H10>=55,"KEEP — protect this slot",IF(H10>=40,"RE-PRICE at next renewal","RE-PRICE OR RELEASE"))) | J10: =IF(H10="","",RANK(H10,$H$2:$H$51))
A11: =IFERROR(INDEX('Job Log'!$B$2:$B$1000,MATCH(ROW()-1,'Job Log'!$K$2:$K$1000,0)),"") | B11: =IF($A11="","",COUNTIF('Job Log'!$B$2:$B$1000,$A11)) | C11: =IF($A11="","",SUMIF('Job Log'!$B$2:$B$1000,$A11,'Job Log'!$C$2:$C$1000)) | D11: =IF($A11="","",SUMIF('Job Log'!$B$2:$B$1000,$A11,'Job Log'!$F$2:$F$1000)) | E11: =IF($A11="","",SUMIF('Job Log'!$B$2:$B$1000,$A11,'Job Log'!$G$2:$G$1000)) | F11: =IF($A11="","",SUMIF('Job Log'!$B$2:$B$1000,$A11,'Job Log'!$I$2:$I$1000)) | G11: =IF($A11="","",ROUND(E11/60,2)) | H11: =IF(OR($A11="",E11=0),"",ROUND(F11/G11,2)) | I11: =IF(H11="","",IF(H11>=55,"KEEP — protect this slot",IF(H11>=40,"RE-PRICE at next renewal","RE-PRICE OR RELEASE"))) | J11: =IF(H11="","",RANK(H11,$H$2:$H$51))
A12: =IFERROR(INDEX('Job Log'!$B$2:$B$1000,MATCH(ROW()-1,'Job Log'!$K$2:$K$1000,0)),"") | B12: =IF($A12="","",COUNTIF('Job Log'!$B$2:$B$1000,$A12)) | C12: =IF($A12="","",SUMIF('Job Log'!$B$2:$B$1000,$A12,'Job Log'!$C$2:$C$1000)) | D12: =IF($A12="","",SUMIF('Job Log'!$B$2:$B$1000,$A12,'Job Log'!$F$2:$F$1000)) | E12: =IF($A12="","",SUMIF('Job Log'!$B$2:$B$1000,$A12,'Job Log'!$G$2:$G$1000)) | F12: =IF($A12="","",SUMIF('Job Log'!$B$2:$B$1000,$A12,'Job Log'!$I$2:$I$1000)) | G12: =IF($A12="","",ROUND(E12/60,2)) | H12: =IF(OR($A12="",E12=0),"",ROUND(F12/G12,2)) | I12: =IF(H12="","",IF(H12>=55,"KEEP — protect this slot",IF(H12>=40,"RE-PRICE at next renewal","RE-PRICE OR RELEASE"))) | J12: =IF(H12="","",RANK(H12,$H$2:$H$51))
A13: =IFERROR(INDEX('Job Log'!$B$2:$B$1000,MATCH(ROW()-1,'Job Log'!$K$2:$K$1000,0)),"") | B13: =IF($A13="","",COUNTIF('Job Log'!$B$2:$B$1000,$A13)) | C13: =IF($A13="","",SUMIF('Job Log'!$B$2:$B$1000,$A13,'Job Log'!$C$2:$C$1000)) | D13: =IF($A13="","",SUMIF('Job Log'!$B$2:$B$1000,$A13,'Job Log'!$F$2:$F$1000)) | E13: =IF($A13="","",SUMIF('Job Log'!$B$2:$B$1000,$A13,'Job Log'!$G$2:$G$1000)) | F13: =IF($A13="","",SUMIF('Job Log'!$B$2:$B$1000,$A13,'Job Log'!$I$2:$I$1000)) | G13: =IF($A13="","",ROUND(E13/60,2)) | H13: =IF(OR($A13="",E13=0),"",ROUND(F13/G13,2)) | I13: =IF(H13="","",IF(H13>=55,"KEEP — protect this slot",IF(H13>=40,"RE-PRICE at next renewal","RE-PRICE OR RELEASE"))) | J13: =IF(H13="","",RANK(H13,$H$2:$H$51))
... A51: =IFERROR(INDEX('Job Log'!$B$2:$B$1000,MATCH(ROW()-1,'Job Log'!$K$2:$K$1000,0)),"") | B51: =IF($A51="","",COUNTIF('Job Log'!$B$2:$B$1000,$A51)) | C51: =IF($A51="","",SUMIF('Job Log'!$B$2:$B$1000,$A51,'Job Log'!$C$2:$C$1000)) | D51: =IF($A51="","",SUMIF('Job Log'!$B$2:$B$1000,$A51,'Job Log'!$F$2:$F$1000)) | E51: =IF($A51="","",SUMIF('Job Log'!$B$2:$B$1000,$A51,'Job Log'!$G$2:$G$1000)) | F51: =IF($A51="","",SUMIF('Job Log'!$B$2:$B$1000,$A51,'Job Log'!$I$2:$I$1000)) | G51: =IF($A51="","",ROUND(E51/60,2)) | H51: =IF(OR($A51="",E51=0),"",ROUND(F51/G51,2)) | I51: =IF(H51="","",IF(H51>=55,"KEEP — protect this slot",IF(H51>=40,"RE-PRICE at next renewal","RE-PRICE OR RELEASE"))) | J51: =IF(H51="","",RANK(H51,$H$2:$H$51))
A54: Review monthly, act quarterly. Bottom client gets one of three moves: re-zone (move them to a day when you're already nearby), re-price (a $20 bump fixes most of these), or release. You are not obligated to keep a client whose real pay is under your floor — that slot is inventory, and inventory should earn.
