Workbook

Sheet Start Here
A1: Job & Client Tracker — how to use Pressure washing is mostly one-off work, which means the money is in the FOLLOW-UP. A house washed this year needs it again in 12-24 months; a driveway sooner. The operators who build a real business are the ones who call back — everyone else starts from zero every spring. Jobs tab: log every completed job with the date, service, and price. The Next Service Due column calculates automatically from the service interval you set. Follow-Up tab: shows what's due. Work this list every month — it is the cheapest lead source you will ever have, and those customers already trust you. Referral column: track who sent you. When you know your top referrers, you know exactly who deserves the holiday card and the discount. Convention: yellow cells = inputs (type here), green cells = outputs (never type here).

Sheet Jobs
A1: Date | B1: Customer | C1: Address | D1: Phone | E1: Service | F1: Price ($) | G1: Hours | H1: $/hr | I1: Interval (months) | J1: Next Service Due | K1: Referred By | L1: Notes
A2: 46156 | B2: Alvarez, R. | C2: 418 Maple Ct | D2: 555-0141 | E2: House Wash (Soft Wash) | F2: 350 | G2: 3.25 | H2: =IF(G2=0,"",ROUND(F2/G2,2)) | I2: 18 | J2: =IF(OR(A2="",I2=""),"",EDATE(A2,I2)) | K2: Google | L2: Chalky aluminum on south side — soft wash only, noted on file
A3: 46175 | B3: Nguyen, T. | C3: 77 Birchwood Dr | D3: 555-0177 | E3: Driveway / Flatwork (Surface Cleaner) | F3: 225 | G3: 1.75 | H3: =IF(G3=0,"",ROUND(F3/G3,2)) | I3: 12 | J3: =IF(OR(A3="",I3=""),"",EDATE(A3,I3)) | K3: Alvarez, R. | L3: Oil stain at apron — treated, lightened not removed
H4: =IF(G4=0,"",ROUND(F4/G4,2)) | J4: =IF(OR(A4="",I4=""),"",EDATE(A4,I4))
H5: =IF(G5=0,"",ROUND(F5/G5,2)) | J5: =IF(OR(A5="",I5=""),"",EDATE(A5,I5))
H6: =IF(G6=0,"",ROUND(F6/G6,2)) | J6: =IF(OR(A6="",I6=""),"",EDATE(A6,I6))
H7: =IF(G7=0,"",ROUND(F7/G7,2)) | J7: =IF(OR(A7="",I7=""),"",EDATE(A7,I7))
H8: =IF(G8=0,"",ROUND(F8/G8,2)) | J8: =IF(OR(A8="",I8=""),"",EDATE(A8,I8))
H9: =IF(G9=0,"",ROUND(F9/G9,2)) | J9: =IF(OR(A9="",I9=""),"",EDATE(A9,I9))
H10: =IF(G10=0,"",ROUND(F10/G10,2)) | J10: =IF(OR(A10="",I10=""),"",EDATE(A10,I10))
H11: =IF(G11=0,"",ROUND(F11/G11,2)) | J11: =IF(OR(A11="",I11=""),"",EDATE(A11,I11))
H12: =IF(G12=0,"",ROUND(F12/G12,2)) | J12: =IF(OR(A12="",I12=""),"",EDATE(A12,I12))
H13: =IF(G13=0,"",ROUND(F13/G13,2)) | J13: =IF(OR(A13="",I13=""),"",EDATE(A13,I13))
H14: =IF(G14=0,"",ROUND(F14/G14,2)) | J14: =IF(OR(A14="",I14=""),"",EDATE(A14,I14))
H15: =IF(G15=0,"",ROUND(F15/G15,2)) | J15: =IF(OR(A15="",I15=""),"",EDATE(A15,I15))
... H400: =IF(G400=0,"",ROUND(F400/G400,2)) | J400: =IF(OR(A400="",I400=""),"",EDATE(A400,I400))

Sheet Follow-Up
A1: FOLLOW-UP DASHBOARD
A3: Jobs logged | B3: =COUNTA(Jobs!A2:A400)
A4: Total revenue logged | B4: =SUM(Jobs!F2:F400)
A5: Average job size | B5: =IFERROR(AVERAGE(Jobs!F2:F400),"")
A6: Average $/hr | B6: =IFERROR(AVERAGE(Jobs!H2:H400),"")
A8: DUE NOW
A9: Due in the next 30 days | B9: =COUNTIFS(Jobs!J2:J400,"<="&(TODAY()+30),Jobs!J2:J400,">="&TODAY()) | C9: Call these this week. They already know you.
A10: Overdue (past due date) | B10: =COUNTIFS(Jobs!J2:J400,"<"&TODAY(),Jobs!J2:J400,">0") | C10: Every one of these is a job someone else is about to get
A12: REFERRAL SOURCES
A13: Source | B13: Jobs | C13: Revenue
A14: Google | B14: =COUNTIF(Jobs!K2:K400,A14) | C14: =SUMIF(Jobs!K2:K400,A14,Jobs!F2:F400)
A15: Referral | B15: =COUNTIF(Jobs!K2:K400,A15) | C15: =SUMIF(Jobs!K2:K400,A15,Jobs!F2:F400)
A16: Door hanger | B16: =COUNTIF(Jobs!K2:K400,A16) | C16: =SUMIF(Jobs!K2:K400,A16,Jobs!F2:F400)
A17: Facebook | B17: =COUNTIF(Jobs!K2:K400,A17) | C17: =SUMIF(Jobs!K2:K400,A17,Jobs!F2:F400)
A18: Repeat customer | B18: =COUNTIF(Jobs!K2:K400,A18) | C18: =SUMIF(Jobs!K2:K400,A18,Jobs!F2:F400)
A20: Overtype the source names in column A to match how you actually track leads. Whatever you type here is counted against the Referred By column on the Jobs tab.
