Workbook

Sheet Start Here
A1: Job Costing — how to use Quoting is a guess. Job costing is the truth. After a job is done, put the ACTUAL numbers in here and find out what you really made. Do this on every job for your first season. The pattern that shows up will surprise you — usually that one service type you enjoy is quietly your worst earner, and the boring one pays the bills. Chemical cost is the number washers guess at. Work out your real cost per mixed gallon once, put it in Cost Rates, and let the sheet do it from there. Convention: yellow cells = inputs (type here), green cells = outputs (never type here).

Sheet Job Log
A1: Date | B1: Customer | C1: Service | D1: Quoted ($) | E1: Actual Hours | F1: Drive Hrs | G1: Chem Gallons | H1: Chem Cost ($) | I1: Fuel ($) | J1: Labor Cost ($) | K1: Total Cost ($) | L1: Profit ($) | M1: Margin | N1: True $/hr
A2: 46209 | B2: Alvarez, R. | C2: House Wash | D2: 350 | E2: 3.5 | F2: 0.5 | G2: 12 | H2: =IF(G2="","",ROUND(G2*'Cost Rates'!$B$3,2)) | I2: 14 | J2: =IF(E2="","",ROUND((E2+F2)*'Cost Rates'!$B$4,2)) | K2: =IF(D2="","",SUM(H2,I2,J2)+'Cost Rates'!$B$5) | L2: =IF(D2="","",D2-K2) | M2: =IF(OR(D2="",D2=0),"",L2/D2) | N2: =IF((E2+F2)=0,"",ROUND(L2/(E2+F2),2))
A3: 46211 | B3: Nguyen, T. | C3: Driveway | D3: 225 | E3: 2 | F3: 0.4 | G3: 4 | H3: =IF(G3="","",ROUND(G3*'Cost Rates'!$B$3,2)) | I3: 11 | J3: =IF(E3="","",ROUND((E3+F3)*'Cost Rates'!$B$4,2)) | K3: =IF(D3="","",SUM(H3,I3,J3)+'Cost Rates'!$B$5) | L3: =IF(D3="","",D3-K3) | M3: =IF(OR(D3="",D3=0),"",L3/D3) | N3: =IF((E3+F3)=0,"",ROUND(L3/(E3+F3),2))
H4: =IF(G4="","",ROUND(G4*'Cost Rates'!$B$3,2)) | J4: =IF(E4="","",ROUND((E4+F4)*'Cost Rates'!$B$4,2)) | K4: =IF(D4="","",SUM(H4,I4,J4)+'Cost Rates'!$B$5) | L4: =IF(D4="","",D4-K4) | M4: =IF(OR(D4="",D4=0),"",L4/D4) | N4: =IF((E4+F4)=0,"",ROUND(L4/(E4+F4),2))
H5: =IF(G5="","",ROUND(G5*'Cost Rates'!$B$3,2)) | J5: =IF(E5="","",ROUND((E5+F5)*'Cost Rates'!$B$4,2)) | K5: =IF(D5="","",SUM(H5,I5,J5)+'Cost Rates'!$B$5) | L5: =IF(D5="","",D5-K5) | M5: =IF(OR(D5="",D5=0),"",L5/D5) | N5: =IF((E5+F5)=0,"",ROUND(L5/(E5+F5),2))
H6: =IF(G6="","",ROUND(G6*'Cost Rates'!$B$3,2)) | J6: =IF(E6="","",ROUND((E6+F6)*'Cost Rates'!$B$4,2)) | K6: =IF(D6="","",SUM(H6,I6,J6)+'Cost Rates'!$B$5) | L6: =IF(D6="","",D6-K6) | M6: =IF(OR(D6="",D6=0),"",L6/D6) | N6: =IF((E6+F6)=0,"",ROUND(L6/(E6+F6),2))
H7: =IF(G7="","",ROUND(G7*'Cost Rates'!$B$3,2)) | J7: =IF(E7="","",ROUND((E7+F7)*'Cost Rates'!$B$4,2)) | K7: =IF(D7="","",SUM(H7,I7,J7)+'Cost Rates'!$B$5) | L7: =IF(D7="","",D7-K7) | M7: =IF(OR(D7="",D7=0),"",L7/D7) | N7: =IF((E7+F7)=0,"",ROUND(L7/(E7+F7),2))
H8: =IF(G8="","",ROUND(G8*'Cost Rates'!$B$3,2)) | J8: =IF(E8="","",ROUND((E8+F8)*'Cost Rates'!$B$4,2)) | K8: =IF(D8="","",SUM(H8,I8,J8)+'Cost Rates'!$B$5) | L8: =IF(D8="","",D8-K8) | M8: =IF(OR(D8="",D8=0),"",L8/D8) | N8: =IF((E8+F8)=0,"",ROUND(L8/(E8+F8),2))
H9: =IF(G9="","",ROUND(G9*'Cost Rates'!$B$3,2)) | J9: =IF(E9="","",ROUND((E9+F9)*'Cost Rates'!$B$4,2)) | K9: =IF(D9="","",SUM(H9,I9,J9)+'Cost Rates'!$B$5) | L9: =IF(D9="","",D9-K9) | M9: =IF(OR(D9="",D9=0),"",L9/D9) | N9: =IF((E9+F9)=0,"",ROUND(L9/(E9+F9),2))
H10: =IF(G10="","",ROUND(G10*'Cost Rates'!$B$3,2)) | J10: =IF(E10="","",ROUND((E10+F10)*'Cost Rates'!$B$4,2)) | K10: =IF(D10="","",SUM(H10,I10,J10)+'Cost Rates'!$B$5) | L10: =IF(D10="","",D10-K10) | M10: =IF(OR(D10="",D10=0),"",L10/D10) | N10: =IF((E10+F10)=0,"",ROUND(L10/(E10+F10),2))
H11: =IF(G11="","",ROUND(G11*'Cost Rates'!$B$3,2)) | J11: =IF(E11="","",ROUND((E11+F11)*'Cost Rates'!$B$4,2)) | K11: =IF(D11="","",SUM(H11,I11,J11)+'Cost Rates'!$B$5) | L11: =IF(D11="","",D11-K11) | M11: =IF(OR(D11="",D11=0),"",L11/D11) | N11: =IF((E11+F11)=0,"",ROUND(L11/(E11+F11),2))
H12: =IF(G12="","",ROUND(G12*'Cost Rates'!$B$3,2)) | J12: =IF(E12="","",ROUND((E12+F12)*'Cost Rates'!$B$4,2)) | K12: =IF(D12="","",SUM(H12,I12,J12)+'Cost Rates'!$B$5) | L12: =IF(D12="","",D12-K12) | M12: =IF(OR(D12="",D12=0),"",L12/D12) | N12: =IF((E12+F12)=0,"",ROUND(L12/(E12+F12),2))
H13: =IF(G13="","",ROUND(G13*'Cost Rates'!$B$3,2)) | J13: =IF(E13="","",ROUND((E13+F13)*'Cost Rates'!$B$4,2)) | K13: =IF(D13="","",SUM(H13,I13,J13)+'Cost Rates'!$B$5) | L13: =IF(D13="","",D13-K13) | M13: =IF(OR(D13="",D13=0),"",L13/D13) | N13: =IF((E13+F13)=0,"",ROUND(L13/(E13+F13),2))
H14: =IF(G14="","",ROUND(G14*'Cost Rates'!$B$3,2)) | J14: =IF(E14="","",ROUND((E14+F14)*'Cost Rates'!$B$4,2)) | K14: =IF(D14="","",SUM(H14,I14,J14)+'Cost Rates'!$B$5) | L14: =IF(D14="","",D14-K14) | M14: =IF(OR(D14="",D14=0),"",L14/D14) | N14: =IF((E14+F14)=0,"",ROUND(L14/(E14+F14),2))
H15: =IF(G15="","",ROUND(G15*'Cost Rates'!$B$3,2)) | J15: =IF(E15="","",ROUND((E15+F15)*'Cost Rates'!$B$4,2)) | K15: =IF(D15="","",SUM(H15,I15,J15)+'Cost Rates'!$B$5) | L15: =IF(D15="","",D15-K15) | M15: =IF(OR(D15="",D15=0),"",L15/D15) | N15: =IF((E15+F15)=0,"",ROUND(L15/(E15+F15),2))
... H300: =IF(G300="","",ROUND(G300*'Cost Rates'!$B$3,2)) | J300: =IF(E300="","",ROUND((E300+F300)*'Cost Rates'!$B$4,2)) | K300: =IF(D300="","",SUM(H300,I300,J300)+'Cost Rates'!$B$5) | L300: =IF(D300="","",D300-K300) | M300: =IF(OR(D300="",D300=0),"",L300/D300) | N300: =IF((E300+F300)=0,"",ROUND(L300/(E300+F300),2))

Sheet Cost Rates
A1: COST RATES — set these once, revisit quarterly
A3: Chemical cost per mixed gallon ($) | B3: 0.85 | C3: Work this out once from your concentrate cost and dilution ratio. Guessing here makes every row below a guess.
A4: Labor cost per hour ($) | B4: 25 | C4: What the hour costs you. If you're solo, use what you'd pay someone to replace you — otherwise you'll think you're profitable when you've just worked for free.
A5: Equipment reserve per job ($) | B5: 12 | C5: Pumps, hoses, and surface cleaners wear out. Charge yourself for it now so the replacement isn't a crisis later.
A8: TOTALS
A9: Jobs costed | B9: =COUNT('Job Log'!D2:D300)
A10: Total quoted | B10: =SUM('Job Log'!D2:D300)
A11: Total cost | B11: =SUM('Job Log'!K2:K300)
A12: Total profit | B12: =SUM('Job Log'!L2:L300)
A13: Average margin | B13: =IFERROR(AVERAGE('Job Log'!M2:M300),"")
A14: Average true $/hr | B14: =IFERROR(AVERAGE('Job Log'!N2:N300),"")
A16: Margins under 20% show red on the Job Log. Two or three reds on the same service type is not bad luck — it's a pricing problem, and the fix is the Pricing Calculator, not working faster.
